"Country or Area","Year","Value","Value Footnotes","Unit"
"Andorra","2015","0","","tonnes"
"Andorra","2014","0","","tonnes"
"Andorra","2013","0","","tonnes"
"Andorra","2012","0","","tonnes"
"Andorra","2011","0","","tonnes"
"Andorra","2010","0","","tonnes"
"Andorra","2009","0","","tonnes"
"Andorra","2008","0","","tonnes"
"Andorra","2007","0","","tonnes"
"Andorra","2006","0","","tonnes"
"Andorra","2005","0","","tonnes"
"Andorra","2004","425.980010986328","","tonnes"
"Andorra","2003","486.799987792969","1","tonnes"
"Andorra","2002","313.399993896484","1","tonnes"
"Armenia","2015","555075","","tonnes"
"Armenia","2014","576419.375","","tonnes"
"Armenia","2013","579049.8125","","tonnes"
"Armenia","2012","470505.6875","","tonnes"
"Armenia","2011","462895.8125","2","tonnes"
"Armenia","2010","435397.78125","","tonnes"
"Armenia","2009","441023.5625","","tonnes"
"Armenia","2008","437258.53125","","tonnes"
"Armenia","2007","362275","","tonnes"
"Armenia","2006","352279","","tonnes"
"Armenia","2005","346325","","tonnes"
"Armenia","2004","351400","","tonnes"
"Armenia","2003","344095","","tonnes"
"Armenia","2002","377900","","tonnes"
"Armenia","2001","375500","","tonnes"
"Armenia","2000","381578","","tonnes"
"Armenia","1999","241596","","tonnes"
"Armenia","1998","286607","","tonnes"
"Austria","2014","439247","","tonnes"
"Austria","2012","338860","","tonnes"
"Austria","2010","401082","","tonnes"
"Austria","2008","395221","","tonnes"
"Austria","2006","335042","","tonnes"
"Austria","2004","861967","","tonnes"
"Azerbaijan","2015","382998","","tonnes"
"Azerbaijan","2014","529106.5","","tonnes"
"Azerbaijan","2013","152446","","tonnes"
"Azerbaijan","2012","205211.203125","","tonnes"
"Azerbaijan","2011","138281.5","","tonnes"
"Azerbaijan","2010","151291.90625","","tonnes"
"Azerbaijan","2009","173658.09375","","tonnes"
"Azerbaijan","2008","69180","","tonnes"
"Azerbaijan","2007","7677","","tonnes"
"Azerbaijan","2006","1435482","","tonnes"
"Azerbaijan","2005","5571","","tonnes"
"Azerbaijan","2004","105165","","tonnes"
"Azerbaijan","2003","11492","","tonnes"
"Azerbaijan","2002","3342","","tonnes"
"Azerbaijan","2001","4927","","tonnes"
"Azerbaijan","2000","11435","","tonnes"
"Azerbaijan","1999","13030","","tonnes"
"Azerbaijan","1998","33922","","tonnes"
"Azerbaijan","1997","36097","","tonnes"
"Azerbaijan","1996","18024","","tonnes"
"Azerbaijan","1995","25434","","tonnes"
"Bangladesh","2012","28946","","tonnes"
"Bangladesh","2007","19920","","tonnes"
"Belarus","2015","1557851.5","3","tonnes"
"Belarus","2014","2093566.75","3","tonnes"
"Belarus","2013","1848646.125","3","tonnes"
"Belarus","2012","1704034.75","3","tonnes"
"Belarus","2011","1110645.5","3","tonnes"
"Belarus","2010","1124600","3","tonnes"
"Belarus","2009","943306.6875","3","tonnes"
"Belarus","2008","625929.0625","3","tonnes"
"Belarus","2007","446203.875","3","tonnes"
"Belarus","2006","345939.96875","3","tonnes"
"Belarus","2005","315250.625","3","tonnes"
"Belarus","2004","169.740005493164","3","tonnes"
"Belarus","2003","123930","","tonnes"
"Belarus","2002","139425","","tonnes"
"Belarus","2001","116816","","tonnes"
"Belgium","2014","2140043","","tonnes"
"Belgium","2012","2059944","","tonnes"
"Belgium","2010","13964707","","tonnes"
"Belgium","2008","2200008","","tonnes"
"Belgium","2006","1760728","","tonnes"
"Belgium","2004","3310427","","tonnes"
"Belize","2000","775","4","tonnes"
"Belize","1999","691","4","tonnes"
"Bermuda","2015","668.900024414063","5","tonnes"
"Bermuda","2014","615","","tonnes"
"Bermuda","2013","543","","tonnes"
"Bermuda","2012","576","","tonnes"
"Bermuda","2011","601","","tonnes"
"Bermuda","2010","585","","tonnes"
"Botswana","2015","719.190002441406","6","tonnes"
"Botswana","2013","386.679992675781","6","tonnes"
"Bulgaria","2014","12176438","","tonnes"
"Bulgaria","2012","13389620","","tonnes"
"Bulgaria","2010","13561160","","tonnes"
"Bulgaria","2008","13037033","","tonnes"
"Bulgaria","2006","13474505","","tonnes"
"Bulgaria","2004","12090994","","tonnes"
"Burkina Faso","2010","11.1999998092651","","tonnes"
"Burkina Faso","2009","8.89999961853027","","tonnes"
"Cameroon","2009","8716.599609375","","tonnes"
"Cameroon","2008","9383.2998046875","","tonnes"
"Cameroon","2007","8296.099609375","","tonnes"
"Cameroon","2006","10343.900390625","","tonnes"
"Cameroon","2005","9429.7998046875","","tonnes"
"Cameroon","2004","5715.5","","tonnes"
"China","2015","32237000","","tonnes"
"China","2014","29908200","","tonnes"
"China","2013","24012900","","tonnes"
"China","2012","27028500","","tonnes"
"China","2011","26895300","7","tonnes"
"China","2010","14895000","","tonnes"
"China","2009","12590000","","tonnes"
"China","2008","12080000","","tonnes"
"China","2007","9960000","","tonnes"
"China","2006","8550000","","tonnes"
"China","2005","8350000","","tonnes"
"China","2004","6780000","","tonnes"
"China","2003","8020000","","tonnes"
"China","2002","6330000","","tonnes"
"China","2001","6710000","","tonnes"
"China","2000","5870000","","tonnes"
"China","1999","9890000","","tonnes"
"China","1998","9282000","","tonnes"
"China, Hong Kong Special Administrative Region","2015","31699","8","tonnes"
"China, Hong Kong Special Administrative Region","2014","30318","8","tonnes"
"China, Hong Kong Special Administrative Region","2013","30772","8","tonnes"
"China, Hong Kong Special Administrative Region","2012","31981","8","tonnes"
"China, Hong Kong Special Administrative Region","2011","34409","8","tonnes"
"China, Hong Kong Special Administrative Region","2010","39404","8","tonnes"
"China, Hong Kong Special Administrative Region","2009","53459","8","tonnes"
"China, Hong Kong Special Administrative Region","2008","55899","8","tonnes"
"China, Hong Kong Special Administrative Region","2007","59574","8","tonnes"
"China, Hong Kong Special Administrative Region","2006","57973","8","tonnes"
"China, Hong Kong Special Administrative Region","2005","46357","8","tonnes"
"China, Hong Kong Special Administrative Region","2004","47318","8","tonnes"
"China, Hong Kong Special Administrative Region","2003","58968","8","tonnes"
"China, Hong Kong Special Administrative Region","2002","63848","","tonnes"
"China, Hong Kong Special Administrative Region","2001","76998","","tonnes"
"China, Hong Kong Special Administrative Region","2000","91261","","tonnes"
"China, Hong Kong Special Administrative Region","1999","71705","","tonnes"
"China, Hong Kong Special Administrative Region","1998","88458","","tonnes"
"China, Hong Kong Special Administrative Region","1997","79327","","tonnes"
"China, Hong Kong Special Administrative Region","1996","79405","","tonnes"
"China, Hong Kong Special Administrative Region","1995","97066","","tonnes"
"China, Macao Special Administrative Region","2015","23668","","tonnes"
"China, Macao Special Administrative Region","2014","20157","","tonnes"
"China, Macao Special Administrative Region","2013","17252","","tonnes"
"China, Macao Special Administrative Region","2012","17683","","tonnes"
"China, Macao Special Administrative Region","2011","17573","","tonnes"
"China, Macao Special Administrative Region","2010","12419","","tonnes"
"China, Macao Special Administrative Region","2009","11705","","tonnes"
"China, Macao Special Administrative Region","2008","8826","","tonnes"
"China, Macao Special Administrative Region","2007","6369","","tonnes"
"China, Macao Special Administrative Region","2006","6499","","tonnes"
"China, Macao Special Administrative Region","2005","5929","","tonnes"
"China, Macao Special Administrative Region","2004","5870","","tonnes"
"China, Macao Special Administrative Region","2003","5924","","tonnes"
"China, Macao Special Administrative Region","2002","5249","","tonnes"
"China, Macao Special Administrative Region","2001","4545","","tonnes"
"China, Macao Special Administrative Region","2000","4188","","tonnes"
"China, Macao Special Administrative Region","1999","3905","","tonnes"
"China, Macao Special Administrative Region","1998","3854","","tonnes"
"China, Macao Special Administrative Region","1997","4179","","tonnes"
"Croatia","2014","66055","","tonnes"
"Croatia","2012","73404","","tonnes"
"Croatia","2010","68554","","tonnes"
"Croatia","2008","18364","","tonnes"
"Croatia","2006","623383","","tonnes"
"Croatia","2004","42636","","tonnes"
"Cuba","2015","272285","","tonnes"
"Cuba","2014","345665","","tonnes"
"Cuba","2013","467293","","tonnes"
"Cuba","2012","537508","","tonnes"
"Cuba","2011","230469","","tonnes"
"Cuba","2010","488662","","tonnes"
"Cyprus","2014","161446","","tonnes"
"Cyprus","2012","24201","","tonnes"
"Cyprus","2010","30779","","tonnes"
"Cyprus","2008","23290","","tonnes"
"Cyprus","2006","16651","","tonnes"
"Cyprus","2004","65047","","tonnes"
"Czechia","2014","597309","","tonnes"
"Czechia","2012","753402","","tonnes"
"Czechia","2010","831600","","tonnes"
"Czechia","2008","834798","","tonnes"
"Czechia","2006","572497","","tonnes"
"Czechia","2004","648497","","tonnes"
"Denmark","2014","1819120","","tonnes"
"Denmark","2012","977663","","tonnes"
"Denmark","2010","1073218","","tonnes"
"Denmark","2008","416095","","tonnes"
"Denmark","2006","375562","","tonnes"
"Denmark","2004","338334","","tonnes"
"El Salvador","2013","5.8600001335144","","tonnes"
"El Salvador","2012","1.89999997615814","","tonnes"
"El Salvador","2010","42.7000007629395","","tonnes"
"Estonia","2014","10315094","","tonnes"
"Estonia","2012","9131275","","tonnes"
"Estonia","2010","8928558","","tonnes"
"Estonia","2008","7708801","","tonnes"
"Estonia","2006","6864430","","tonnes"
"Estonia","2004","7180381","","tonnes"
"Finland","2014","1915719","","tonnes"
"Finland","2012","1411308","","tonnes"
"Finland","2010","1365767","","tonnes"
"Finland","2008","2178038","","tonnes"
"Finland","2006","2172452","","tonnes"
"Finland","2004","2229060","","tonnes"
"France","2014","7605065","","tonnes"
"France","2012","8841003","","tonnes"
"France","2010","8533645","","tonnes"
"France","2008","6853136","","tonnes"
"France","2006","6689820","","tonnes"
"France","2004","6772000","","tonnes"
"French Guiana","2013","1104","9","tonnes"
"French Guiana","2008","111","10","tonnes"
"French Guiana","2007","76","10","tonnes"
"Germany","2014","20521108","","tonnes"
"Germany","2012","21098396","","tonnes"
"Germany","2010","19046940","","tonnes"
"Germany","2008","23823844","","tonnes"
"Germany","2006","21743228","","tonnes"
"Germany","2004","20556732","","tonnes"
"Greece","2014","115015","","tonnes"
"Greece","2012","108104","","tonnes"
"Greece","2010","108202","","tonnes"
"Greece","2008","157014","","tonnes"
"Greece","2006","186785","","tonnes"
"Greece","2004","292650","","tonnes"
"Guadeloupe","2013","19569","9","tonnes"
"Guadeloupe","2008","9048","10","tonnes"
"Guadeloupe","2007","4385","10","tonnes"
"Guatemala","2012","6324.89990234375","","tonnes"
"Guatemala","2011","10204","","tonnes"
"Guatemala","2010","304970","","tonnes"
"Guatemala","2009","3600","","tonnes"
"Guatemala","2008","917","","tonnes"
"Guatemala","2007","846","","tonnes"
"Guatemala","2006","709","","tonnes"
"Guatemala","2005","732","","tonnes"
"Guatemala","2004","833","","tonnes"
"Guatemala","2003","376","","tonnes"
"Guatemala","2002","0","","tonnes"
"Guatemala","2001","0","","tonnes"
"Hungary","2014","372580","","tonnes"
"Hungary","2012","376811","","tonnes"
"Hungary","2010","373999","","tonnes"
"Hungary","2008","449610","","tonnes"
"Hungary","2006","1179859","","tonnes"
"Hungary","2004","325032","","tonnes"
"Iceland","2014","38960","11","tonnes"
"Iceland","2012","11639","","tonnes"
"Iceland","2010","7926","","tonnes"
"Iceland","2008","135100","","tonnes"
"Iceland","2004","11000","","tonnes"
"Iraq","2015","20622","","tonnes"
"Iraq","2010","15546","","tonnes"
"Ireland","2014","86518","","tonnes"
"Ireland","2012","69111","","tonnes"
"Ireland","2010","266742","","tonnes"
"Ireland","2008","192782","","tonnes"
"Ireland","2006","190951","","tonnes"
"Ireland","2004","122734","","tonnes"
"Italy","2014","3574305","","tonnes"
"Italy","2012","3258267","","tonnes"
"Italy","2010","3106766","","tonnes"
"Italy","2008","3277345","","tonnes"
"Italy","2006","2926159","","tonnes"
"Italy","2004","2885110","","tonnes"
"Jamaica","2006","8435","","tonnes"
"Jamaica","2005","10000","","tonnes"
"Jamaica","2004","10000","","tonnes"
"Jamaica","2003","10000","","tonnes"
"Jamaica","2002","10000","","tonnes"
"Jamaica","2001","10000","","tonnes"
"Jamaica","2000","10000","","tonnes"
"Jamaica","1999","10000","","tonnes"
"Jamaica","1998","10000","","tonnes"
"Jamaica","1997","10000","","tonnes"
"Jamaica","1996","10000","","tonnes"
"Jordan","2013","47400","","tonnes"
"Jordan","2011","1230440.625","12","tonnes"
"Jordan","2010","61962.1015625","12","tonnes"
"Jordan","2009","108403.3984375","12","tonnes"
"Jordan","2008","1293804.375","12,13","tonnes"
"Jordan","2006","16120.099609375","","tonnes"
"Jordan","2005","48623.80078125","","tonnes"
"Jordan","2004","33431.8984375","","tonnes"
"Jordan","2003","73616.703125","","tonnes"
"Kazakhstan","2015","86369336","","tonnes"
"Kazakhstan","2014","131607688","","tonnes"
"Kazakhstan","2013","175721472","","tonnes"
"Kazakhstan","2012","126844112","","tonnes"
"Kazakhstan","2011","108102392","","tonnes"
"Kazakhstan","2010","85282312","","tonnes"
"Kazakhstan","2009","106067696","","tonnes"
"Kazakhstan","2008","369855104","","tonnes"
"Kazakhstan","2007","283727776","","tonnes"
"Kazakhstan","2006","60856836","","tonnes"
"Kazakhstan","2005","17450422","","tonnes"
"Kazakhstan","2004","28404104","","tonnes"
"Kyrgyzstan","2015","4936829.5","","tonnes"
"Kyrgyzstan","2014","4983976","","tonnes"
"Kyrgyzstan","2013","3131828.75","","tonnes"
"Kyrgyzstan","2012","53942.76953125","","tonnes"
"Kyrgyzstan","2011","82317.140625","","tonnes"
"Kyrgyzstan","2010","187180.796875","","tonnes"
"Kyrgyzstan","2009","19342756","","tonnes"
"Kyrgyzstan","2008","3006","","tonnes"
"Kyrgyzstan","2007","7909705","","tonnes"
"Kyrgyzstan","2006","1258","","tonnes"
"Kyrgyzstan","2005","1555","","tonnes"
"Kyrgyzstan","2004","307","","tonnes"
"Kyrgyzstan","2003","5327","","tonnes"
"Kyrgyzstan","2002","39","","tonnes"
"Kyrgyzstan","2001","35","","tonnes"
"Kyrgyzstan","2000","4011426","","tonnes"
"Kyrgyzstan","1999","275","","tonnes"
"Kyrgyzstan","1998","32","","tonnes"
"Kyrgyzstan","1997","1477107","","tonnes"
"Kyrgyzstan","1996","191","","tonnes"
"Kyrgyzstan","1995","339","","tonnes"
"Latvia","2014","43375","","tonnes"
"Latvia","2012","41749","","tonnes"
"Latvia","2010","54193","","tonnes"
"Latvia","2008","67877","","tonnes"
"Latvia","2006","52242","","tonnes"
"Latvia","2004","57791","","tonnes"
"Lebanon","2001","108218","","tonnes"
"Lebanon","1998","3945","14","tonnes"
"Lithuania","2014","55457","","tonnes"
"Lithuania","2012","70246","","tonnes"
"Lithuania","2010","48853","","tonnes"
"Lithuania","2008","19927","","tonnes"
"Lithuania","2006","28101","","tonnes"
"Lithuania","2004","38081","","tonnes"
"Luxembourg","2014","37843","","tonnes"
"Luxembourg","2012","1992","","tonnes"
"Luxembourg","2010","3272","","tonnes"
"Luxembourg","2008","46734","","tonnes"
"Luxembourg","2006","130189","","tonnes"
"Luxembourg","2004","34375","","tonnes"
"Madagascar","2007","45957","","tonnes"
"Malaysia","2015","592461.75","","tonnes"
"Malaysia","2014","806295.375","","tonnes"
"Malaysia","2013","783410.375","","tonnes"
"Malaysia","2012","817562.375","","tonnes"
"Malaysia","2011","1091710.5","","tonnes"
"Malaysia","2010","1040159.1875","","tonnes"
"Malaysia","2009","1705308","","tonnes"
"Malaysia","2008","1304898.75","","tonnes"
"Malaysia","2007","1138839.5","","tonnes"
"Malaysia","2006","1103457","","tonnes"
"Malaysia","2005","548916.125","","tonnes"
"Malaysia","2004","469584.0625","","tonnes"
"Malaysia","2003","460865.75","","tonnes"
"Malaysia","2002","460866.59375","","tonnes"
"Malaysia","2001","420198","","tonnes"
"Malaysia","2000","344550.34375","","tonnes"
"Malaysia","1999","540152.5","","tonnes"
"Malta","2014","438","","tonnes"
"Malta","2012","502","","tonnes"
"Malta","2010","437","","tonnes"
"Malta","2008","327","","tonnes"
"Malta","2006","0","","tonnes"
"Malta","2004","0","","tonnes"
"Martinique","2013","8795","15","tonnes"
"Martinique","2010","8525","","tonnes"
"Martinique","2008","3756","10","tonnes"
"Mauritius","2015","4734.63623046875","","tonnes"
"Mauritius","2014","3427.150390625","","tonnes"
"Mauritius","2013","3156.3076171875","","tonnes"
"Mauritius","2012","2798.2099609375","","tonnes"
"Mauritius","2011","2860.39990234375","","tonnes"
"Mauritius","2010","2823.65991210938","","tonnes"
"Mauritius","2009","3435.44995117188","","tonnes"
"Mauritius","2008","2811.67993164063","","tonnes"
"Mauritius","2007","3980","","tonnes"
"Mauritius","2006","22","","tonnes"
"Mauritius","2005","107","","tonnes"
"Mauritius","2004","48","","tonnes"
"Mauritius","2003","71","","tonnes"
"Monaco","2015","284.540008544922","","tonnes"
"Monaco","2014","268.5","","tonnes"
"Monaco","2013","261.739990234375","","tonnes"
"Monaco","2012","0","","tonnes"
"Monaco","2011","0","","tonnes"
"Monaco","2010","0","","tonnes"
"Monaco","2009","0","","tonnes"
"Monaco","2008","0","","tonnes"
"Monaco","2007","0","","tonnes"
"Monaco","2006","0","","tonnes"
"Monaco","2005","0","","tonnes"
"Monaco","2004","0","","tonnes"
"Monaco","2003","0","","tonnes"
"Monaco","2002","0","","tonnes"
"Monaco","2001","0","","tonnes"
"Monaco","2000","0","","tonnes"
"Monaco","1999","0","","tonnes"
"Monaco","1998","0","","tonnes"
"Monaco","1997","0","","tonnes"
"Monaco","1996","0","","tonnes"
"Monaco","1995","0","","tonnes"
"Monaco","1990","0","","tonnes"
"Netherlands","2014","4483340","","tonnes"
"Netherlands","2012","4456188","","tonnes"
"Netherlands","2010","3798514","","tonnes"
"Netherlands","2008","4032092","","tonnes"
"Netherlands","2006","4595694","","tonnes"
"Netherlands","2004","1810306","","tonnes"
"Niger","2005","554000","","tonnes"
"Niger","2004","503000","","tonnes"
"Norway","2014","1566241","","tonnes"
"Norway","2012","1013027","","tonnes"
"Norway","2010","1560099","","tonnes"
"Norway","2008","1337680","","tonnes"
"Norway","2006","1256645","","tonnes"
"Norway","2004","1010921","","tonnes"
"Panama","2011","3094.69995117188","","tonnes"
"Panama","2010","3037.10009765625","","tonnes"
"Panama","2009","2338.30004882813","","tonnes"
"Panama","2008","1682.91003417969","","tonnes"
"Panama","2007","1181.86999511719","","tonnes"
"Panama","2006","1775.17004394531","","tonnes"
"Panama","2005","1547.10998535156","","tonnes"
"Panama","2004","1509.92004394531","","tonnes"
"Panama","2003","1689.53002929688","","tonnes"
"Panama","2002","1363.67004394531","","tonnes"
"Panama","2001","763.570007324219","","tonnes"
"Panama","2000","281.410003662109","","tonnes"
"Panama","1999","290.5","","tonnes"
"Panama","1995","217.933242797852","","tonnes"
"Panama","1990","173.172698974609","","tonnes"
"Philippines","2015","1229633.5","","tonnes"
"Philippines","2014","913597.8125","","tonnes"
"Philippines","2013","6616669.5","","tonnes"
"Philippines","2012","1894845","","tonnes"
"Philippines","2011","6223840","","tonnes"
"Philippines","2010","548094","","tonnes"
"Philippines","2009","2807165","","tonnes"
"Philippines","2007","1080643","","tonnes"
"Philippines","2006","11809898","","tonnes"
"Philippines","2005","10665520","","tonnes"
"Philippines","2004","786099","","tonnes"
"Philippines","2003","2308258","","tonnes"
"Philippines","2002","328382","","tonnes"
"Philippines","2001","24722.19921875","","tonnes"
"Philippines","2000","308157","","tonnes"
"Poland","2014","1876577","","tonnes"
"Poland","2012","1434985","","tonnes"
"Poland","2010","1577966","","tonnes"
"Poland","2008","1624573","","tonnes"
"Poland","2006","2277779","","tonnes"
"Poland","2004","1575748","","tonnes"
"Portugal","2014","175169","","tonnes"
"Portugal","2012","193394","","tonnes"
"Portugal","2010","310104","","tonnes"
"Portugal","2008","289216","","tonnes"
"Portugal","2006","3363875","","tonnes"
"Portugal","2004","1898715","","tonnes"
"Republic of Moldova","2015","1254","","tonnes"
"Republic of Moldova","2014","1289","","tonnes"
"Republic of Moldova","2013","1512","","tonnes"
"Republic of Moldova","2012","1007","","tonnes"
"Republic of Moldova","2011","1273","","tonnes"
"Republic of Moldova","2010","964","","tonnes"
"Republic of Moldova","2009","1593","","tonnes"
"Republic of Moldova","2008","1874","","tonnes"
"Republic of Moldova","2007","3562","","tonnes"
"Republic of Moldova","2006","1607","","tonnes"
"Republic of Moldova","2005","1211","","tonnes"
"Republic of Moldova","2004","2220","","tonnes"
"Republic of Moldova","2003","3936","","tonnes"
"Republic of Moldova","2002","3140","","tonnes"
"Republic of Moldova","2001","1902","","tonnes"
"Republic of Moldova","2000","2375","","tonnes"
"Republic of Moldova","1999","2456","","tonnes"
"Republic of Moldova","1998","2233","","tonnes"
"Republic of Moldova","1997","1650","","tonnes"
"Republic of Moldova","1996","2138","","tonnes"
"Republic of Moldova","1995","1991","","tonnes"
"Republic of Moldova","1990","191575","","tonnes"
"Réunion","2013","6636","9","tonnes"
"Réunion","2000","9786","","tonnes"
"Réunion","1997","7760","","tonnes"
"Romania","2014","500394","","tonnes"
"Romania","2012","620287","","tonnes"
"Romania","2010","431080","","tonnes"
"Romania","2008","259924","","tonnes"
"Romania","2006","867602","","tonnes"
"Romania","2004","1697100","","tonnes"
"Saint Lucia","2015","2371","","tonnes"
"Saint Lucia","2014","2342","","tonnes"
"Saint Lucia","2013","1354","","tonnes"
"Saint Lucia","2012","63","","tonnes"
"Saint Lucia","2011","70","","tonnes"
"Saint Lucia","2010","146","","tonnes"
"Saint Lucia","2009","175","","tonnes"
"Saint Lucia","2008","64","","tonnes"
"Saint Lucia","2007","90","","tonnes"
"Saint Lucia","2006","115","","tonnes"
"Saint Lucia","2005","48","","tonnes"
"Saint Lucia","2004","173","","tonnes"
"Saint Vincent and the Grenadines","2002","0.150000005960464","","tonnes"
"Senegal","1999","81957","","tonnes"
"Serbia","2015","16558589","","tonnes"
"Serbia","2014","13493549","","tonnes"
"Serbia","2013","16560253","","tonnes"
"Serbia","2012","14429107","","tonnes"
"Serbia","2011","12801404","","tonnes"
"Serbia","2010","11181849","","tonnes"
"Serbia","2009","10070112","","tonnes"
"Serbia","2008","8392001","","tonnes"
"Slovakia","2014","201819","","tonnes"
"Slovakia","2012","199393","","tonnes"
"Slovakia","2010","223808","","tonnes"
"Slovakia","2008","355772","","tonnes"
"Slovakia","2006","367801","","tonnes"
"Slovakia","2004","439390","","tonnes"
"Slovenia","2014","91696","","tonnes"
"Slovenia","2012","73702","","tonnes"
"Slovenia","2010","100898","","tonnes"
"Slovenia","2008","116326","","tonnes"
"Slovenia","2006","87308","","tonnes"
"Slovenia","2004","99042","","tonnes"
"Spain","2014","2321536","","tonnes"
"Spain","2012","2420583","","tonnes"
"Spain","2010","2743636","","tonnes"
"Spain","2008","3362069","","tonnes"
"Spain","2006","3722628","","tonnes"
"Spain","2004","3667222","","tonnes"
"State of Palestine","2014","4572","16","tonnes"
"State of Palestine","2012","4512","16","tonnes"
"State of Palestine","2010","4080","16","tonnes"
"State of Palestine","2009","14422.7998046875","16","tonnes"
"State of Palestine","2008","11886","16","tonnes"
"State of Palestine","2007","8466","16,17","tonnes"
"State of Palestine","2006","5113.2001953125","16","tonnes"
"State of Palestine","2005","5674.7998046875","16","tonnes"
"State of Palestine","2004","4570.7998046875","16","tonnes"
"State of Palestine","2003","6151.2001953125","16","tonnes"
"State of Palestine","2000","5016","18","tonnes"
"Sweden","2014","1092814","","tonnes"
"Sweden","2012","1123393","","tonnes"
"Sweden","2010","769746","","tonnes"
"Sweden","2008","996222","","tonnes"
"Sweden","2006","653046","","tonnes"
"Sweden","2004","1167606","","tonnes"
"Syrian Arab Republic","2003","46","","tonnes"
"The former Yugoslav Republic of Macedonia","2014","71.995002746582","19","tonnes"
"The former Yugoslav Republic of Macedonia","2012","686015.9375","","tonnes"
"The former Yugoslav Republic of Macedonia","2010","729896.6875","","tonnes"
"The former Yugoslav Republic of Macedonia","2008","6201.60009765625","","tonnes"
"Tunisia","2002","150200","","tonnes"
"Tunisia","2001","151000","","tonnes"
"Turkey","2014","6487595","","tonnes"
"Turkey","2012","3571001","","tonnes"
"Turkey","2010","3193647","","tonnes"
"Turkey","2008","1163682","","tonnes"
"Turkey","2006","64704","","tonnes"
"Turkey","2004","1230874","","tonnes"
"Ukraine","2015","399711.90625","","tonnes"
"Ukraine","2014","417340.90625","","tonnes"
"Ukraine","2013","557167.875","","tonnes"
"Ukraine","2012","702153.625","","tonnes"
"Ukraine","2011","751699.8125","","tonnes"
"Ukraine","2010","965558.5","","tonnes"
"Ukraine","2009","1175756.25","","tonnes"
"Ukraine","2008","2022268.375","","tonnes"
"Ukraine","2007","2062766.125","","tonnes"
"Ukraine","2006","1968905.5","","tonnes"
"Ukraine","2005","1885094.875","","tonnes"
"Ukraine","2004","1956226.875","","tonnes"
"Ukraine","2003","2124031.5","","tonnes"
"Ukraine","2002","2436570.75","","tonnes"
"Ukraine","2001","2944206.75","","tonnes"
"Ukraine","2000","2150033.25","","tonnes"
"Ukraine","1999","2038508.5","","tonnes"
"Ukraine","1998","2365007","","tonnes"
"Ukraine","1997","3242961","","tonnes"
"Ukraine","1996","3050890.75","","tonnes"
"Ukraine","1995","3396433.25","","tonnes"
"United Arab Emirates","2015","309029.40625","","tonnes"
"United Arab Emirates","2014","358893.46875","","tonnes"
"United Arab Emirates","2013","304699.25","","tonnes"
"United Arab Emirates","2012","341423.15625","","tonnes"
"United Arab Emirates","2011","343974.28125","","tonnes"
"United Arab Emirates","2010","324553","","tonnes"
"United Arab Emirates","2009","284332","","tonnes"
"United Kingdom of Great Britain and Northern Ireland","2014","2762524","","tonnes"
"United Kingdom of Great Britain and Northern Ireland","2012","2672513","","tonnes"
"United Kingdom of Great Britain and Northern Ireland","2010","1894735","","tonnes"
"United Kingdom of Great Britain and Northern Ireland","2008","3313993","","tonnes"
"United Kingdom of Great Britain and Northern Ireland","2006","3425653","","tonnes"
"United Kingdom of Great Britain and Northern Ireland","2004","4734457","","tonnes"
"United Republic of Tanzania","2015","53.3499984741211","20","tonnes"
"United Republic of Tanzania","2014","54.6839981079102","20","tonnes"
"United Republic of Tanzania","2013","53.0950012207031","20","tonnes"
"United Republic of Tanzania","2012","49.1300010681152","21","tonnes"
"United Republic of Tanzania","2011","46.1650009155273","21","tonnes"
"United Republic of Tanzania","2010","44.0320014953613","21","tonnes"
"United Republic of Tanzania","2009","35.560001373291","21","tonnes"
"United Republic of Tanzania","2008","32.9650001525879","21","tonnes"
"United Republic of Tanzania","2007","6.44999980926514","21","tonnes"
"United Republic of Tanzania","2006","5.51999998092651","21","tonnes"
"United Republic of Tanzania","2005","5.40000009536743","21","tonnes"
"United Republic of Tanzania","2004","4","21","tonnes"
"United Republic of Tanzania","1990","14.1000003814697","21","tonnes"
"Zambia","2005","80000","","tonnes"
"Zambia","2000","49800","","tonnes"
"Zimbabwe","2015","146.75","22","tonnes"
"Zimbabwe","2014","10.5","23","tonnes"
"Zimbabwe","2013","11.1800003051758","23","tonnes"
"Zimbabwe","2012","37356.87890625","24","tonnes"
"Zimbabwe","2011","47023.69921875","24","tonnes"
"Zimbabwe","2010","45536.69921875","24","tonnes"
"Zimbabwe","2009","40975.6484375","24","tonnes"
"Zimbabwe","2008","20286.650390625","24","tonnes"
"Zimbabwe","2007","25099.619140625","24","tonnes"
"Zimbabwe","2006","24368.599609375","24","tonnes"
"Zimbabwe","2005","23184.599609375","24","tonnes"
"Zimbabwe","2004","21924.580078125","24","tonnes"
"Zimbabwe","2003","19303","25","tonnes"
"Zimbabwe","2002","20532","25","tonnes"
"Zimbabwe","2001","22212.19921875","25","tonnes"
"Zimbabwe","2000","21640.30078125","25","tonnes"

"fnSeqID","Footnote"
"1","Basel Convention: Y1-Y45."
"2","Classification of waste by classes of hazard is done in accordance with the relevant legislation of RA and the Classifier, which was last amended in 2010. That's why the indicators for the years preceding 2010 and the years following 2010 are not compatible."
"3","The figures partially consider utilization or disposal of waste accumulated during previous years. Besides, hazardous waste treated or disposed during the year includes hazardous waste exported during the year."
"4","Waste from hospitals only."
"5","Estimated data."
"6","Data is based on amount of Clinical waste disposed off at the landfill site through incineration. It is for seven landfills located in the most populated centres in the country."
"7","Statistical coverage has broadened from industrial and daily living sources to the following five parts: industrial, agricultural, urban living, motor vehicles and centralized pollution treatment facilities."
"8","Hazardous waste treated or disposed of during the year does not include the amount of hazardous waste being exported for recycling (=6+7+9+10-4)"
"9","The waste can be treated in a different French department than the one that produced the waste."
"10","Partial total."
"11","Break in time series."
"12","The clear difference between the data for 2010 and 2011 is that in 2010 phosphosphosom was classified as a liquid chemical and this classification was adjusted in 2011 to be in line with what is on the ground as this substance is disposed of in its solid form. This is the same for 2008 data."
"13","Phosphogypsum regarded as solid waste and included in the estimate."
"14","Only data related to pharmaceutical wastes are available for the year 1998."
"15","The waste can be treated in a different French department than the one that produced the waste."
"16","Data refer to health care centers waste taken from the Environmental Survey for Health Care Centers."
"17","Not including data from the private sector healthcare centers."
"18","Data refer to waste from health care private centres taken from the Medical Environmental Survey."
"19","A new method of data collection was used, and also the response rate was lower, so these are the reasons why data are much lower than in previous years. The data are collected in tonnes."
"20","Data refer to Dodoma, Mbeya and Songea only."
"21","Data refer to Dodoma and Mbeya only."
"22","Data refer to Beitbridge, Bulawayo and Plumtree only."
"23","Data refer to Plumtree only."
"24","Date refer to Harare and Plumtree only."
"25","Data refer to city of Harare."
